CO_IBGE,NM_MUN,C_Vacinal_2023,C_Vacinal_2024,C_Vacinal
3139003,Machado,0.575039,0.612338,0.5936885000000001
